id,Url,Category
3400,https://nhs-dynamic.secure.footprint.net//Images/Homes/KHovnanianHom/39598310-200630.jpg,Kitchen
3401,https://nhs-dynamic.secure.footprint.net//Images/Homes/KHovnanianHom/39598311-200630.jpg,Greatroom
3402,https://nhs-dynamic.secure.footprint.net//Images/Homes/KHovnanianHom/39598312-200630.jpg,Bathroom
3403,https://nhs-dynamic.secure.footprint.net//Images/Homes/KHovnanianHom/39598313-200630.jpg,Bedroom
3404,https://nhs-dynamic.secure.footprint.net//Images/Homes/KHovnanianHom/39598314-200630.jpg,Laundry
3405,https://nhs-dynamic.secure.footprint.net//Images/Homes/KHovnanianHom/39598315-200630.jpg,Bathroom
3406,https://nhs-dynamic.secure.footprint.net//Images/Homes/KHovnanianHom/39598316-200630.jpg,Kitchen
3407,https://nhs-dynamic.secure.footprint.net//Images/Homes/KHovnanianHom/39598319-200630.jpg,Bedroom
3408,https://nhs-dynamic.secure.footprint.net//Images/Homes/KHovnanianHom/39598320-200630.jpg,Kitchen
3409,https://nhs-dynamic.secure.footprint.net//Images/Homes/KHovnanianHom/39598321-200630.jpg,Greatroom
3410,https://nhs-dynamic.secure.footprint.net//Images/Homes/KHovnanianHom/39598322-200630.jpg,Dining
3411,https://nhs-dynamic.secure.footprint.net//Images/Homes/KHovnanianHom/39598323-200630.jpg,Kitchen
3412,https://nhs-dynamic.secure.footprint.net//Images/Homes/KHovnanianHom/39598324-200630.jpg,Dining
3413,https://nhs-dynamic.secure.footprint.net//Images/Homes/KHovnanianHom/39598325-200630.jpg,Bedroom
3414,https://nhs-dynamic.secure.footprint.net//Images/Homes/KHovnanianHom/39598326-200630.jpg,Patio
3415,https://nhs-dynamic.secure.footprint.net//Images/Homes/KHovnanianHom/39598327-200630.jpg,Patio
3417,https://nhs-dynamic.secure.footprint.net//Images/Homes/EastwoodHomes/39692632-200630.jpg,Elevation Front
3420,https://nhs-dynamic.secure.footprint.net//Images/Homes/EastwoodHomes/39695436-200630.jpg,Elevation Front
3474,https://nhs-dynamic.secure.footprint.net//Images/Homes/Duffy18200/39736808-200630.jpg,TownHomes
3475,https://nhs-dynamic.secure.footprint.net//Images/Homes/HHHomes/39824172-200630.jpg,Kitchen
3476,https://nhs-dynamic.secure.footprint.net//Images/Homes/HHHomes/39824177-200630.jpg,Kitchen
3477,https://nhs-dynamic.secure.footprint.net//Images/Homes/Antar1163/39850155-200630.jpg,Elevation Front
3478,https://nhs-dynamic.secure.footprint.net//Images/Homes/Antar1163/39850156-200630.jpg,Elevation Front
3479,https://nhs-dynamic.secure.footprint.net//Images/Homes/Antar1163/39850157-200630.jpg,Elevation Front
3483,https://nhs-dynamic.secure.footprint.net//Images/Homes/Antar1163/39850158-200630.jpg,Elevation Front
3484,https://nhs-dynamic.secure.footprint.net//Images/Homes/Antar1163/39850159-200630.jpg,Elevation Front
3485,https://nhs-dynamic.secure.footprint.net//Images/Homes/Antar1163/39850160-200630.jpg,Elevation Front
3492,https://nhs-dynamic.secure.footprint.net//Images/Homes/MIHomesCorp/39870650-200630.jpg,Bathroom
3493,https://nhs-dynamic.secure.footprint.net//Images/Homes/MIHomesCorp/39870651-200630.jpg,Closet
3494,https://nhs-dynamic.secure.footprint.net//Images/Homes/MIHomesCorp/39870652-200630.jpg,Bedroom
3495,https://nhs-dynamic.secure.footprint.net//Images/Homes/MIHomesCorp/39870653-200630.jpg,Bathroom
3496,https://nhs-dynamic.secure.footprint.net//Images/Homes/MIHomesCorp/39870654-200630.jpg,Bedroom
3497,https://nhs-dynamic.secure.footprint.net//Images/Homes/MIHomesCorp/39870655-200630.jpg,Bathroom
3498,https://nhs-dynamic.secure.footprint.net//Images/Homes/MIHomesCorp/39870656-200630.jpg,Bedroom
3499,https://nhs-dynamic.secure.footprint.net//Images/Homes/MIHomesCorp/39870657-200630.jpg,Bathroom
3500,https://nhs-dynamic.secure.footprint.net//Images/Homes/MIHomesCorp/39870658-200630.jpg,Patio
3501,https://nhs-dynamic.secure.footprint.net//Images/Homes/DreesHom/39912183-200630.jpg,Kitchen
3502,https://nhs-dynamic.secure.footprint.net//Images/Homes/DreesHom/39912184-200630.jpg,Greatroom
3503,https://nhs-dynamic.secure.footprint.net//Images/Homes/DreesHom/39912185-200630.jpg,Bedroom
3504,https://nhs-dynamic.secure.footprint.net//Images/Homes/DreesHom/39912186-200630.jpg,Bathroom
3505,https://nhs-dynamic.secure.footprint.net//Images/Homes/DanRy10475/39913390-191212.jpg,Elevation Front
3506,https://nhs-dynamic.secure.footprint.net//Images/Homes/DanRy10475/39913406-191212.jpg,Elevation Front
3507,https://nhs-dynamic.secure.footprint.net//Images/Homes/DanRy10475/39913422-191212.jpg,Elevation Front
3508,https://nhs-dynamic.secure.footprint.net//Images/Homes/DanRy10475/39913438-191212.jpg,Elevation Front
3509,https://nhs-dynamic.secure.footprint.net//Images/Homes/DanRy10475/39913454-191212.jpg,Elevation Front
3510,https://nhs-dynamic.secure.footprint.net//Images/Homes/DreesHom/39141113-200630.jpg,Empty
3511,https://nhs-dynamic.secure.footprint.net//Images/Homes/DreesHom/39141114-200630.jpg,Hallway
3512,https://nhs-dynamic.secure.footprint.net//Images/Homes/DreesHom/39141115-200630.jpg,Empty
3513,https://nhs-dynamic.secure.footprint.net//Images/Homes/DreesHom/39141116-200630.jpg,Empty
3514,https://nhs-dynamic.secure.footprint.net//Images/Homes/DreesHom/39141117-200630.jpg,Front Porch
